[
    {
        "metadata":{
            "daoName":"DefiOS",
            "repoName":"DefiOS",
            "creatorGithub":"AbhisekBasu1",
            "tokenSymbol":"DOS",
            "tokenImg":"https://res.cloudinary.com/rohitkk432/image/upload/v1664281920/logo_dauepv.png"
        },
        "dummy":true,
        "openIssuesCount":10,
        "totalStaked":10000
    },
    {
        "metadata":{
            "daoName":"ApeHackers",
            "repoName":"ApeHX",
            "creatorGithub":"rohitkk432",
            "tokenSymbol":"APE",
            "tokenImg":"https://cryptologos.cc/logos/apecoin-ape-ape-logo.svg?v=023"
        },
        "dummy":true,
        "openIssuesCount":4,
        "totalStaked":2500
    },
    {
        "metadata":{
            "daoName":"OnFinance",
            "repoName":"OnFinance",
            "creatorGithub":"never2average",
            "tokenSymbol":"OFCD",
            "tokenImg":"https://res.cloudinary.com/rohitkk432/image/upload/v1664284193/onfinance_logo_png_bw4hqz.png"
        },
        "dummy":true,
        "openIssuesCount":12,
        "totalStaked":43000
    },
    {
        "metadata":{
            "daoName":"DefiOS-Contracts",
            "repoName":"defiOS-core",
            "creatorGithub":"AceVikings",
            "tokenSymbol":"DOS",
            "tokenImg":"https://res.cloudinary.com/rohitkk432/image/upload/v1664281920/logo_dauepv.png"
        },
        "dummy":true,
        "openIssuesCount":7,
        "totalStaked":81200
    }
]