[
	{
		"inputs": [
			{
				"internalType": "address",
				"name": "_router",
				"type": "address"
			}
		],
		"stateMutability": "nonpayable",
		"type": "constructor"
	},
	{
		"anonymous": false,
		"inputs": [
			{
				"indexed": false,
				"internalType": "address",
				"name": "DAO",
				"type": "address"
			},
			{
				"indexed": true,
				"internalType": "address",
				"name": "creator",
				"type": "address"
			}
		],
		"name": "DAOCreated",
		"type": "event"
	},
	{
		"anonymous": false,
		"inputs": [
			{
				"indexed": true,
				"internalType": "address",
				"name": "previousOwner",
				"type": "address"
			},
			{
				"indexed": true,
				"internalType": "address",
				"name": "newOwner",
				"type": "address"
			}
		],
		"name": "OwnershipTransferred",
		"type": "event"
	},
	{
		"inputs": [],
		"name": "DAOID",
		"outputs": [
			{
				"internalType": "uint256",
				"name": "",
				"type": "uint256"
			}
		],
		"stateMutability": "view",
		"type": "function"
	},
	{
		"inputs": [],
		"name": "Router",
		"outputs": [
			{
				"internalType": "address",
				"name": "",
				"type": "address"
			}
		],
		"stateMutability": "view",
		"type": "function"
	},
	{
		"inputs": [
			{
				"components": [
					{
						"internalType": "string",
						"name": "repoURL",
						"type": "string"
					},
					{
						"internalType": "string",
						"name": "repoID",
						"type": "string"
					},
					{
						"internalType": "string",
						"name": "repoName",
						"type": "string"
					},
					{
						"internalType": "address",
						"name": "user",
						"type": "address"
					},
					{
						"internalType": "bytes",
						"name": "signature",
						"type": "bytes"
					}
				],
				"internalType": "struct FactorySigner.Proposal",
				"name": "proposal",
				"type": "tuple"
			},
			{
				"internalType": "string[]",
				"name": "partners",
				"type": "string[]"
			},
			{
				"internalType": "uint256[]",
				"name": "shares",
				"type": "uint256[]"
			},
			{
				"internalType": "uint256",
				"name": "fees",
				"type": "uint256"
			},
			{
				"internalType": "string",
				"name": "metadata",
				"type": "string"
			},
			{
				"internalType": "string",
				"name": "tokenName",
				"type": "string"
			},
			{
				"internalType": "string",
				"name": "tokenSymbol",
				"type": "string"
			}
		],
		"name": "createGitDAO",
		"outputs": [],
		"stateMutability": "nonpayable",
		"type": "function"
	},
	{
		"inputs": [
			{
				"internalType": "string",
				"name": "",
				"type": "string"
			}
		],
		"name": "daoExists",
		"outputs": [
			{
				"internalType": "bool",
				"name": "",
				"type": "bool"
			}
		],
		"stateMutability": "view",
		"type": "function"
	},
	{
		"inputs": [
			{
				"internalType": "uint256",
				"name": "id",
				"type": "uint256"
			}
		],
		"name": "getDAOInfo",
		"outputs": [
			{
				"components": [
					{
						"internalType": "address",
						"name": "owner",
						"type": "address"
					},
					{
						"internalType": "address",
						"name": "DAOAddress",
						"type": "address"
					},
					{
						"internalType": "string[]",
						"name": "team",
						"type": "string[]"
					},
					{
						"internalType": "string",
						"name": "metadata",
						"type": "string"
					}
				],
				"internalType": "struct DAOFactory.DAOInfo",
				"name": "",
				"type": "tuple"
			}
		],
		"stateMutability": "view",
		"type": "function"
	},
	{
		"inputs": [
			{
				"components": [
					{
						"internalType": "string",
						"name": "repoURL",
						"type": "string"
					},
					{
						"internalType": "string",
						"name": "repoID",
						"type": "string"
					},
					{
						"internalType": "string",
						"name": "repoName",
						"type": "string"
					},
					{
						"internalType": "address",
						"name": "user",
						"type": "address"
					},
					{
						"internalType": "bytes",
						"name": "signature",
						"type": "bytes"
					}
				],
				"internalType": "struct FactorySigner.Proposal",
				"name": "result",
				"type": "tuple"
			}
		],
		"name": "getSigner",
		"outputs": [
			{
				"internalType": "address",
				"name": "",
				"type": "address"
			}
		],
		"stateMutability": "view",
		"type": "function"
	},
	{
		"inputs": [
			{
				"internalType": "address",
				"name": "_user",
				"type": "address"
			}
		],
		"name": "getUserDAOCount",
		"outputs": [
			{
				"internalType": "uint256",
				"name": "",
				"type": "uint256"
			}
		],
		"stateMutability": "view",
		"type": "function"
	},
	{
		"inputs": [
			{
				"internalType": "uint256",
				"name": "",
				"type": "uint256"
			}
		],
		"name": "info",
		"outputs": [
			{
				"internalType": "address",
				"name": "owner",
				"type": "address"
			},
			{
				"internalType": "address",
				"name": "DAOAddress",
				"type": "address"
			},
			{
				"internalType": "string",
				"name": "metadata",
				"type": "string"
			}
		],
		"stateMutability": "view",
		"type": "function"
	},
	{
		"inputs": [],
		"name": "owner",
		"outputs": [
			{
				"internalType": "address",
				"name": "",
				"type": "address"
			}
		],
		"stateMutability": "view",
		"type": "function"
	},
	{
		"inputs": [],
		"name": "renounceOwnership",
		"outputs": [],
		"stateMutability": "nonpayable",
		"type": "function"
	},
	{
		"inputs": [
			{
				"internalType": "address",
				"name": "_router",
				"type": "address"
			}
		],
		"name": "setDefiOSRouter",
		"outputs": [],
		"stateMutability": "nonpayable",
		"type": "function"
	},
	{
		"inputs": [
			{
				"internalType": "address",
				"name": "newOwner",
				"type": "address"
			}
		],
		"name": "transferOwnership",
		"outputs": [],
		"stateMutability": "nonpayable",
		"type": "function"
	},
	{
		"inputs": [
			{
				"internalType": "address",
				"name": "",
				"type": "address"
			},
			{
				"internalType": "uint256",
				"name": "",
				"type": "uint256"
			}
		],
		"name": "userDAOs",
		"outputs": [
			{
				"internalType": "uint256",
				"name": "",
				"type": "uint256"
			}
		],
		"stateMutability": "view",
		"type": "function"
	},
	{
		"inputs": [],
		"name": "withdraw",
		"outputs": [],
		"stateMutability": "nonpayable",
		"type": "function"
	}
]