[
	{
		"inputs": [],
		"stateMutability": "nonpayable",
		"type": "constructor"
	},
	{
		"anonymous": false,
		"inputs": [
			{
				"indexed": true,
				"internalType": "address",
				"name": "previousOwner",
				"type": "address"
			},
			{
				"indexed": true,
				"internalType": "address",
				"name": "newOwner",
				"type": "address"
			}
		],
		"name": "OwnershipTransferred",
		"type": "event"
	},
	{
		"inputs": [
			{
				"components": [
					{
						"internalType": "string",
						"name": "github_username",
						"type": "string"
					},
					{
						"internalType": "address",
						"name": "corresponding_pubkey",
						"type": "address"
					},
					{
						"internalType": "bytes",
						"name": "signature",
						"type": "bytes"
					}
				],
				"internalType": "struct DefiOSNameSigner.DefiOSName",
				"name": "defi_os_name",
				"type": "tuple"
			}
		],
		"name": "add_name",
		"outputs": [
			{
				"internalType": "address",
				"name": "",
				"type": "address"
			}
		],
		"stateMutability": "nonpayable",
		"type": "function"
	},
	{
		"inputs": [
			{
				"internalType": "address",
				"name": "",
				"type": "address"
			}
		],
		"name": "address_to_name_map",
		"outputs": [
			{
				"internalType": "string",
				"name": "",
				"type": "string"
			}
		],
		"stateMutability": "view",
		"type": "function"
	},
	{
		"inputs": [
			{
				"components": [
					{
						"internalType": "string",
						"name": "github_username",
						"type": "string"
					},
					{
						"internalType": "address",
						"name": "corresponding_pubkey",
						"type": "address"
					},
					{
						"internalType": "bytes",
						"name": "signature",
						"type": "bytes"
					}
				],
				"internalType": "struct DefiOSNameSigner.DefiOSName",
				"name": "result",
				"type": "tuple"
			}
		],
		"name": "getSigner",
		"outputs": [
			{
				"internalType": "address",
				"name": "",
				"type": "address"
			}
		],
		"stateMutability": "view",
		"type": "function"
	},
	{
		"inputs": [
			{
				"internalType": "string",
				"name": "",
				"type": "string"
			}
		],
		"name": "name_to_address_map",
		"outputs": [
			{
				"internalType": "address",
				"name": "",
				"type": "address"
			}
		],
		"stateMutability": "view",
		"type": "function"
	},
	{
		"inputs": [],
		"name": "owner",
		"outputs": [
			{
				"internalType": "address",
				"name": "",
				"type": "address"
			}
		],
		"stateMutability": "view",
		"type": "function"
	},
	{
		"inputs": [],
		"name": "renounceOwnership",
		"outputs": [],
		"stateMutability": "nonpayable",
		"type": "function"
	},
	{
		"inputs": [
			{
				"internalType": "address",
				"name": "_creator",
				"type": "address"
			}
		],
		"name": "setRouterCreator",
		"outputs": [],
		"stateMutability": "nonpayable",
		"type": "function"
	},
	{
		"inputs": [
			{
				"internalType": "address",
				"name": "newOwner",
				"type": "address"
			}
		],
		"name": "transferOwnership",
		"outputs": [],
		"stateMutability": "nonpayable",
		"type": "function"
	}
]